properties,value
合同租金,3.10959821820459
实际租金,3.07384382572503
净租金,2.95660606985433
出租率,0.928355403689356
空置期（月）,1.2
装修期（月）,0.9
免租期（月）,0.5
佣金（月）,2.3
续约概率,0.78
下一个租约租期（月）,35
截止日,2019-12-31 00:00:00
