Year,Avg_Commission
2017,2.98
2018,3.01910638649315
2019,3.28706489790258
2020,3.29438707847575
2021,0
2022,0
2023,0
